1.170583606040352720e+00,3.451148487804260867e-01,-8.720339999996440383e-03,1.028197239999961710e-02
7.128993577609072929e-01,1.686939459496734628e-01,-1.909087999999314889e-02,9.983710960000014012e-02
1.063550262784421108e+00,2.972209764952786770e-01,-3.277602000000001681e-02,2.932578769999949486e-02
6.031494179230314501e-01,1.211131795682085510e-01,-9.919816999999397922e-02,3.362205110000004993e-02
1.047994169698405642e+00,3.073257965481595022e-01,-9.059118999999782318e-02,-1.790440590000041965e-02
1.053233512632939295e+00,2.908460382523259113e-01,5.026050000000736873e-02,7.356279929999942624e-02
1.125500275398614747e+00,3.346074760657060665e-01,-3.475312999998436680e-02,1.292414499999949840e-03
1.110486219832445443e+00,3.475721241276801265e-01,1.452411000002484798e-02,2.377751079999956829e-02
1.044955206073186815e+00,3.279136719910162867e-01,-3.009889999987080955e-03,-1.601503910000001696e-02
7.493458755523860759e-01,1.847916473293871320e-01,5.634276000000681961e-02,2.551981730000019155e-02
8.185481598257311475e-01,2.124116893091496650e-01,-1.688306999997735147e-02,-5.856702099999999689e-03
8.689181828967420529e-01,2.473537402415146857e-01,-6.101839999999469910e-02,-7.852567900000551049e-03
1.068828929590655008e+00,3.429172947470284782e-01,-3.450359999999363936e-02,2.370715180000004807e-02
8.153006580991650765e-01,2.086191333835216710e-01,-5.614284999998631065e-02,5.161525900000185629e-03
8.316005287213705799e-01,1.824695560122115978e-01,5.554889000001139721e-02,-2.963527969999990574e-02
6.950087635651840401e-01,1.346952170725401743e-01,1.284443100000203231e-01,1.638696099999936706e-02
8.061846856011101181e-01,2.138342690934322832e-01,-1.411550000000261207e-03,-4.017558140000065947e-02
8.578454785893292467e-01,1.902895149526564467e-01,-5.494489999989582429e-03,4.427277229999937447e-02
1.047591286876595973e+00,3.233529899995737367e-01,5.940787000000113949e-02,3.569701849999962207e-02
7.237382473986961884e-01,2.019850084694532200e-01,-4.576083999998559193e-02,-1.357133970000035106e-02
6.374906127370252307e-01,1.536645376868435164e-01,8.816660000007914277e-03,-1.690261830000050480e-02
9.231959888548999515e-01,2.180091701839437235e-01,-4.611658999999690423e-02,4.443569549999981660e-02
1.056773012147090185e+00,3.160625455936418859e-01,-6.576003999998647487e-02,-3.952588470000062415e-02
8.670066321110638796e-01,2.171511273009834042e-01,4.026926000000230488e-02,-5.393311530000044485e-02
1.129232179749912746e+00,3.510258790151006281e-01,1.821879999999964639e-02,6.486730999999856806e-03
7.387149863610744660e-01,1.815450283670934084e-01,-3.203704999998535641e-02,4.757163009999931802e-02
1.093793880364998472e+00,2.985148956218353078e-01,2.768711000001644607e-02,7.689216100000173526e-03
7.683778483344418930e-01,1.969882662588773314e-01,1.999921000000881577e-02,1.407623629999932291e-02
1.071348105984533561e+00,3.037007612622097952e-01,3.189380000009123250e-03,6.919483649999946806e-02
1.079401262529678718e+00,3.332899916503819782e-01,-1.823979999997504819e-02,9.829261200000161125e-03
1.012362495558253528e+00,3.130045261864360384e-01,4.876530000018419742e-03,-1.709609220000007923e-02
9.825746450104340113e-01,2.391358751861254461e-01,7.825319000002650682e-02,5.750353190000012660e-02
8.148595942063572295e-01,2.143046075539132289e-01,-5.167357999999921958e-02,7.201396079999966560e-02
7.260646386888822690e-01,1.708085189183563557e-01,-3.531050999998797124e-02,-2.561218310000068499e-02
1.217352512952793120e+00,3.627644232335640595e-01,2.454325000002199886e-02,1.261874540000018641e-02
8.450590416544194738e-01,2.083843837678358568e-01,3.000160999999934575e-02,2.496059020000007678e-02
1.166203481203879733e+00,3.871899970614833819e-01,-1.522178999999823645e-02,-2.822869300000085957e-03
8.001062703312129543e-01,1.694854732805488595e-01,-1.872452999998586165e-02,5.465137679999987341e-02
9.939378784694810065e-01,2.647252405735507352e-01,-3.240799999986165858e-03,2.156244619999991841e-02
1.085410059514618553e+00,3.287518346291200544e-01,7.525710000010121803e-03,-1.418173219999996348e-02
1.060293562557038882e+00,3.174782185189641837e-01,-6.552236999999649925e-02,-6.659102800000482603e-03
8.518885356628338457e-01,2.440401712745874363e-01,-1.739119999996319166e-03,-1.775737410000033378e-02
8.112631229829716517e-01,2.123787279405888739e-01,1.845567000000869484e-02,-1.783012799999994513e-02
6.968767471370433952e-01,1.375396418438725732e-01,-1.186892999999145104e-02,8.422682550000004653e-02
8.234661866160593036e-01,2.251829933882021351e-01,2.102340000001845510e-02,2.268084590000007950e-02
7.195614652526387545e-01,1.757012441917638057e-01,2.126062000002093555e-02,7.750834159999975270e-02
9.815593606708645780e-01,2.495351463034225503e-01,-2.361514999998348685e-02,-9.651783360000010248e-02
1.039890491979317488e+00,3.294842960661092945e-01,-1.438978999999562802e-02,3.765998759999966694e-02
1.142830328028956899e+00,3.532880641858859860e-01,1.196914000001925160e-02,3.163758499999946849e-02
7.590354516346877745e-01,1.679797434582006588e-01,-9.598403999999050029e-02,-2.855614320000032791e-02
8.385686993701924052e-01,2.534317479215317803e-01,1.438656000001969915e-02,3.234803560000010236e-02
1.091785198750759633e+00,3.288112627690473744e-01,-1.168414999997935411e-02,5.826088069999979524e-02
1.209877164048904774e+00,3.627675003233434836e-01,7.768630000015264159e-03,1.460764700000005689e-02
8.700503728512565260e-01,2.501584722929095506e-01,2.643674000000828528e-02,4.030270789999956804e-02
1.079894004390688167e+00,3.263340458629286900e-01,-3.895129999989421776e-03,-8.756681910000008173e-02
7.324310052383040670e-01,1.458250406187282522e-01,-3.765432999998097330e-02,3.279821479999966982e-02
1.076862098582683558e+00,3.192380201138362850e-01,-6.174364999998260828e-02,-7.328069450000018747e-02
1.053672321721943916e+00,3.071224773850538270e-01,7.300231000002099790e-02,-3.221339460000027799e-02
1.059530319580719748e+00,3.284601866934053760e-01,-8.585295999998265870e-02,-5.372527070000021610e-02
1.023951060644844091e+00,2.944210477482016586e-01,-3.382059999998432431e-02,-1.251749520000000615e-02
7.999089448144793835e-01,1.873598533749145645e-01,-1.115577999999572967e-02,1.268276480000007922e-02
7.388702085995291213e-01,2.091340430085786295e-01,-5.203774999998245221e-02,-2.367788829999994960e-02
1.127665545967762029e+00,3.644769031564720763e-01,-3.150657999998429659e-02,-4.137393100000608115e-03
7.333926558569139331e-01,1.808298115196365075e-01,1.092036000000007334e-02,3.034695349999960712e-02
6.856839441337321261e-01,1.452949641885687981e-01,4.630672000001823108e-02,2.875172499999578690e-03
8.352031483092829944e-01,2.048366536214096811e-01,-5.540825999997878171e-02,3.020026359999938848e-02
6.404720467180240462e-01,1.350021814331867631e-01,2.767811000001074717e-02,-2.105833740000040422e-02
7.759424459204424807e-01,1.981725712617645740e-01,5.126229000001103486e-02,-1.286809409999989384e-02
8.685974665612299361e-01,2.447556305576661373e-01,1.484477000002470959e-02,-1.256869430000051580e-02
8.305895568913328475e-01,2.449535901040285069e-01,-6.953894999998055937e-02,-2.979248709999993139e-02
7.500807943794534083e-01,1.699752417092419421e-01,-1.858363999997436622e-02,-9.428712550000017956e-02
7.034591245401848880e-01,1.405655356740673767e-01,1.215608900000120229e-01,1.906661609999993345e-02
1.187585937429222582e+00,3.693214727540770070e-01,-4.035434999997278283e-02,-4.409394660000032218e-02
7.719754655412884858e-01,2.099533195793554796e-01,-1.870150999999964370e-02,-2.749030180000033852e-02
8.326594506960773856e-01,1.922414235731508825e-01,-2.815355999999269443e-02,4.960705949999955067e-02
1.142615916410036903e+00,3.447599368116698315e-01,-2.744177999997532424e-02,-9.506701700000341759e-03
9.779156268625861514e-01,2.376923220735172038e-01,1.512268000001881774e-02,3.191790649999948215e-02
1.067911128122489117e+00,3.190759989205496083e-01,6.085744000000659071e-02,2.845882699999968679e-03
9.737572303867878531e-01,2.560571560339930386e-01,3.580707000000415974e-02,8.812185400000061009e-03
9.377862943596078082e-01,2.506804376177846905e-01,3.144472000002451750e-02,2.417315369999961661e-02
7.432509981356432149e-01,1.848063026214248339e-01,3.217320000001677727e-02,2.600041339999936696e-02
7.975755577463026214e-01,1.744109324664080418e-01,-2.549292999998442610e-02,-1.293967089999981113e-02
7.454036200990259431e-01,1.931484701215744337e-01,2.789156000000048152e-02,9.439338769999938705e-02
1.055313901061733617e+00,3.012592164817675666e-01,2.138900000261401146e-04,-2.035072530000014979e-02
1.131657906431843941e+00,3.538852133195682370e-01,2.355280000017501152e-03,1.386061389999948545e-02
9.845951302403364025e-01,2.618600695010115942e-01,5.455828000000906286e-02,4.390108009999948990e-02
1.107260720404983800e+00,3.410696923200262631e-01,1.429534000001808636e-02,9.295060339999938748e-02
6.787129124038919770e-01,1.578155960478113684e-01,-5.629776999998625797e-02,-6.012095680000051345e-02
7.939520351425635170e-01,2.114029240595023396e-01,2.220828000000096836e-02,-2.020423670000059957e-02
1.042989034981740559e+00,3.194217007324127167e-01,2.474520000001234621e-02,3.535370729999964823e-02
7.613408281567686231e-01,2.279933403122313962e-01,1.498949000000493470e-02,2.771565099999939719e-02
7.514714251495178132e-01,2.086529128759089247e-01,-4.703000999998607767e-02,-6.253252810000020645e-02
1.144047307303068806e+00,3.522981822981066102e-01,-2.131272999997690931e-02,3.836830659999979076e-02
9.791150067918437117e-01,2.914017547073086689e-01,6.496804000002498469e-02,4.958759460000017327e-02
8.106860777983051491e-01,2.005655427286363590e-01,-2.847808999999301705e-02,-6.889629999999868915e-04
7.730914114917162294e-01,2.061026316893226351e-01,1.793423000000871070e-02,2.409297599999860040e-03
7.631841575639732866e-01,2.154910889216665737e-01,-3.638395999999488595e-02,-6.407539400000494823e-03
8.377151896780006268e-01,2.140874025692127702e-01,-8.872559999986151524e-03,-6.160725310000003674e-02
8.216726593659231526e-01,2.016922432198384740e-01,2.269158000001425535e-02,2.009501589999995730e-02
8.386313902498407913e-01,2.130083318033477724e-01,-1.530374999998684871e-02,-3.886974340000026729e-02
1.018468411033033760e+00,2.968709407682510459e-01,-2.802320999998642037e-02,3.960015389999949065e-02
1.002191745758562291e+00,3.037744847572163565e-01,2.443580000004885733e-03,6.450475609999983817e-02
8.808147616288657389e-01,2.344939984428009438e-01,-1.068498999998723775e-02,-3.122779450000034984e-02
1.154325412991649813e+00,3.441353305641747795e-01,-8.695169999981544606e-03,-4.018437050000045474e-02
1.088430054181401374e+00,3.320662150249411582e-01,-1.827597999999852618e-02,1.843112729999951682e-02
7.501136757390796106e-01,1.947499725193324593e-01,1.014779000001908571e-02,-1.546876769999983026e-02
1.090187822462102218e+00,3.419540671890466399e-01,-1.278183599999920261e-01,5.673728399999689032e-03
7.997641488001505650e-01,1.943572150647128183e-01,3.706770000002279630e-02,3.361176780000008080e-02
1.149410311606750668e+00,3.579916101913482862e-01,-2.465965999999752967e-02,1.402427659999982978e-02
7.632279797743350969e-01,1.941182972967112619e-01,9.788681000000565291e-02,5.387520970000014842e-02
9.899886665889070514e-01,2.714856602905193483e-01,5.185060000002295055e-03,-1.487372620000027013e-02
1.087926707912789226e+00,3.241229668615019932e-01,1.937326000000894055e-02,4.371330389999972255e-02
1.088308178449054253e+00,3.374851698837204594e-01,2.773803000002317276e-02,2.782969099999998974e-02
1.019965026955805598e+00,2.994956983561642971e-01,-8.793087999998761006e-02,-2.517811080000065260e-02
1.155492767770951446e+00,3.450377427218285220e-01,-2.892061000000012427e-02,1.719225110000000001e-02
8.029724211711233295e-01,1.833924445295913586e-01,4.356200000017906859e-03,-8.953207309999999808e-02
1.040562648312807426e+00,3.123390974099358175e-01,-3.766072999999892090e-02,-1.762803720000061247e-02
1.113114517625835020e+00,3.725880314488492218e-01,1.840440000023590983e-03,5.075877489999935932e-02
1.219177552595652969e+00,3.898842908621773518e-01,4.547387000002345303e-02,-1.647714380000042667e-02
1.096967015382944055e+00,2.972408349842545761e-01,-1.812774999999078318e-02,-1.067277180000036907e-02
8.764766222150655040e-01,2.018833801165449415e-01,-4.499761999997531348e-02,5.943798119999943452e-02
8.444971741073388216e-01,2.077076204626742140e-01,2.135858000002599510e-02,-5.462043620000045507e-02
1.020375854222859147e+00,2.777704985514972691e-01,-7.232370999997783656e-02,5.717961690000006314e-02
1.055634431274338425e+00,3.152094466647099580e-01,-5.632219999995413673e-03,-2.214699970000033602e-02
1.233545618198277793e+00,3.877423011505527484e-01,-8.280309999975088431e-03,-3.379086810000053731e-02
1.095761574707800889e+00,3.095780840727364591e-01,-4.702619999989110511e-03,5.720997500000102320e-03
1.056763709966606513e+00,3.029109551849025195e-01,-3.525982999997268053e-02,3.721918609999974592e-02
1.054654101208186034e+00,2.631058084582136303e-01,4.025847000002613640e-02,3.563677120000008358e-02
1.052731749332021849e+00,3.000277667980988383e-01,1.774950000000785622e-02,-1.691304419999983821e-02
1.150329053521275569e+00,3.358223380216003306e-01,-3.257149999998887324e-02,-7.545013800000610615e-03
6.614367185752243472e-01,1.634629438057118023e-01,1.715422000000899061e-02,5.164826840000014130e-02
1.098897545340328463e+00,3.315820442860761830e-01,-2.608136999998578176e-02,-8.138934220000049180e-02
8.181397462538519960e-01,2.130543540396949709e-01,-6.922772999999438071e-02,-4.812602500000373595e-03
6.670713515284383277e-01,1.632916475072079265e-01,6.526963000001728687e-02,6.792394030000004079e-02
8.319055272682298607e-01,2.200949941437251312e-01,4.739953000000696193e-02,2.638423600000017188e-02
1.036893293655115400e+00,2.866413585189810931e-01,7.993323000002305889e-02,4.314819289999949348e-02
7.942043799289244532e-01,1.720655972777969112e-01,2.792026000000191743e-02,2.652296399999976018e-02
8.098855500535222518e-01,2.082823582499209181e-01,-1.903492999997524748e-02,-5.371298850000005842e-02
1.145683350914598719e+00,3.887082124123608651e-01,-2.217823999998813633e-02,1.609094410000011521e-02
7.791297773464513909e-01,2.069270394747384501e-01,6.522990000007666822e-03,4.310499879999962758e-02
6.719287124936883515e-01,1.629752486144049328e-01,-3.098036000000092827e-02,4.620864989999962091e-02
7.695290666696372739e-01,2.025869834437230566e-01,2.108981000000653694e-02,-2.073792980000010999e-02
1.119785024704629706e+00,3.176126493446744803e-01,-1.548315999997385006e-02,-7.963892910000058833e-02
7.176754429397647073e-01,2.238742122334613782e-01,9.377906000000280073e-02,-3.594849909999986437e-02
1.139737835663481746e+00,3.539210975660580516e-01,-1.835153999999761254e-02,-2.225898659999980822e-02
7.114146335217945705e-01,1.482986888262516345e-01,1.157480600000155846e-01,4.739520209999970035e-02
7.039479548324933944e-01,1.709947378920588790e-01,9.076921000001902939e-02,-1.668123450000003061e-02
7.807399413719267045e-01,1.875660613587086800e-01,4.043194000001903987e-02,1.376182669999996833e-01
1.044911602613538548e+00,3.063076477984267854e-01,-6.243201999998859719e-02,-9.655188039999984539e-02
7.987500043843169806e-01,1.779644359287892996e-01,-2.569770999997444960e-02,-7.953869740000030220e-02
6.894700896328238571e-01,1.495188379315521843e-01,8.781290000001717999e-02,-3.117206519999982106e-02
1.213584432279311898e+00,3.646563460028957593e-01,1.124499000002288085e-02,1.747738759999961644e-02
7.589972527052886164e-01,1.791844191864520042e-01,1.507575000002248089e-02,1.977323159999944124e-02
8.633080199564702184e-01,2.258377951145398299e-01,1.161556000002406108e-02,-1.704383000005194049e-04
8.304631176346717325e-01,2.064373788249618258e-01,1.750850000007631024e-03,-7.457723599999965813e-03
1.082668177072857674e+00,3.452633650920233777e-01,-2.868173999999612533e-02,-3.479433860000025192e-02
9.732302911812595880e-01,2.804449902473287182e-01,-3.675789999988410273e-03,-1.415012690000061468e-02
6.229535445093219437e-01,1.424960524957441521e-01,9.518696000000659296e-02,-4.655180279999981963e-02
1.053774717499301516e+00,2.788740561977718357e-01,1.316152000001125089e-02,5.333680599999723881e-03
1.073069266286168499e+00,3.187654478781141165e-01,-1.037319399999887537e-01,-3.538237840000046930e-02
7.744752054801793406e-01,2.115589918686708870e-01,-6.529581999998868014e-02,-3.674126060000038052e-02
1.109918281139119500e+00,3.649546269337697879e-01,-7.567709999989347125e-03,-4.089558850000063472e-02
1.074707057560029710e+00,3.104321217748271522e-01,-3.292073999998024192e-02,-2.255625100000013816e-02
7.720579321377982751e-01,1.817687171483619579e-01,9.048168000001055589e-02,-2.173393350000019097e-02
1.105966922253742268e+00,3.251629967968874269e-01,-1.377229999999940446e-02,-2.158885840000035472e-02
8.038854017557177656e-01,1.955617653309786874e-01,3.971917000001212728e-02,-8.727424020000018601e-02
1.100339134299474608e+00,3.111728126410930884e-01,-1.088326999999367217e-02,-1.601809930000008819e-02
8.684197600751275559e-01,1.998632866149527842e-01,-5.931329999981471701e-03,-1.700136690000064732e-02
7.795595496220357745e-01,1.989503766590807743e-01,-6.093032999999081767e-02,-5.079334360000054005e-02
1.129713227586702118e+00,3.436366408530844296e-01,2.823310000025003319e-03,-1.317088510000008483e-02
6.997372753623452013e-01,1.793093353202372953e-01,-3.574030999999422420e-02,-1.056325100000066186e-02
1.000012428468949111e+00,2.988813747802332443e-01,1.098115000002053421e-02,-5.730267800000632405e-03
1.028855228762459717e+00,2.938775502453978561e-01,1.323255000002632187e-02,-3.417974700000492305e-03
7.858897323770506205e-01,1.819526794338806042e-01,2.484417000002281384e-02,2.392237639999983401e-02
6.822383333517443305e-01,1.601981196414783426e-01,4.272843000001103064e-02,6.612227359999955922e-02
6.381674445120921746e-01,1.617956123901862497e-01,1.153396300000224528e-01,6.468017389999936029e-02
7.731535422280408909e-01,2.199159451220502604e-01,-3.729379999981574656e-03,-7.492322650000016182e-02
1.132844883924715162e+00,3.568600448998786590e-01,4.534720000009428986e-03,-9.419802659999998440e-02
7.288797182032027422e-01,1.726697303434434616e-01,3.754694000002700704e-02,1.169490509999997485e-01
7.496744087919395838e-01,1.624434254719275827e-01,4.029185000001689332e-02,2.030269569999987311e-02
6.226195916022874144e-01,1.380428024431274991e-01,3.917014000001017848e-02,1.911673079999953728e-02
1.015760314478821869e+00,2.815619972190042120e-01,-8.647509999974545281e-03,1.990486169999972077e-02
7.910965602264887764e-01,1.949868710815394479e-01,2.570178999999939151e-02,1.458671349999995925e-02
9.915121869563030543e-01,2.777459119907987883e-01,-8.727679999992687954e-03,1.509795239999967009e-02
7.274331194783165699e-01,1.979667489727781060e-01,1.699280000025282789e-03,1.687354599999935090e-02
8.814188002467275851e-01,2.301799860260551611e-01,1.529933000000482934e-02,-1.061749055000005271e-01
1.029363350366502061e+00,2.980719735065093801e-01,2.574823000000492357e-02,2.308139119999985667e-02
8.309840166662816330e-01,1.895202797589270460e-01,6.396440000000325199e-02,1.301948162999995162e-01
6.880844061593336392e-01,1.486777256289713023e-01,-4.609573999999838634e-02,-1.103869946000006763e-01
8.853898518865221945e-01,2.348911356445135823e-01,4.932120000006534610e-03,-7.100133299999811243e-03
6.114643844498530711e-01,1.463410033526351128e-01,-1.704928999998855943e-02,-3.127988230000067205e-02
1.018449108553820537e+00,2.562764415221217007e-01,7.959360000000970103e-03,3.452152399999519616e-03
6.619334572860466892e-01,1.979184317594153697e-01,-1.405272299999751340e-01,1.009380064999998439e-01
8.953436408108430555e-01,2.484416543915379805e-01,4.732617000001937413e-02,-3.490891050000044515e-02
9.123024100612937559e-01,2.215818434778427104e-01,6.604615000000535474e-02,1.591712610000000083e-01
9.379179352184578988e-01,2.921971388469835063e-01,-9.341468999997459832e-02,7.641243039999956466e-02
1.049404745332083166e+00,3.548934152600544678e-01,-5.429979999973966187e-03,1.023103651000001335e-01
8.890433855464117130e-01,1.845957654500587353e-01,-2.070737499999779629e-01,-3.371315780000028184e-02
7.302245279512540321e-01,1.927262701054957006e-01,1.401156300000252486e-01,1.055935580999998180e-01
9.935578907060431675e-01,2.942313626625505663e-01,2.179383000000711945e-02,2.004467989999980659e-02
9.252037332661480207e-01,1.971458534890864200e-01,5.383853000000726752e-02,-1.273409010000037256e-02
7.475663598050950043e-01,1.797496968745626589e-01,-1.392953699999850414e-01,8.276053179999998122e-02
1.035589091200403544e+00,3.089015668948569271e-01,-6.705455999997411709e-02,1.769258289999964262e-02
6.052733919124761996e-01,1.179335531360017342e-01,4.376600000000507862e-03,-2.016424629000006519e-01
9.970686424744670262e-01,2.808182802638192754e-01,1.209881100000131937e-01,9.192728509999970044e-02
8.717949276168752704e-01,1.883839041402524117e-01,1.132705500000099619e-01,5.041965719999996764e-02
9.070324863217997802e-01,2.068379836274942818e-01,1.724045600000181366e-01,-1.646008389000002126e-01
1.315408282261522288e+00,3.438984723919027431e-01,1.164344800000094438e-01,-1.558800182000004142e-01
8.589466141299553215e-01,1.641885080708789246e-01,1.346138600000017504e-01,-6.297820630000039444e-02
8.838382876910948482e-01,2.658439806093184643e-01,1.634899600000210285e-01,7.101767499999933619e-02
6.299869211697561866e-01,1.155938062480252881e-01,-3.156847999997580700e-02,-1.555936930000001439e-01
7.326698142610048592e-01,1.380891003509567838e-01,-3.734376999997834901e-02,3.035914210000001390e-02
9.565803251404361163e-01,2.515408741169586904e-01,-3.900107999999136155e-02,7.651035949999940300e-02
1.079653124710279855e+00,3.757837968623043423e-01,1.185721500000056494e-01,6.285764069999988379e-02
5.939743365098664185e-01,8.229089548126111708e-02,-9.865744999999037645e-02,1.842181028000000609e-01
9.795384904570276774e-01,2.600727198756125347e-01,1.177814300000079584e-01,-1.357187929000005511e-01
8.852156730302205290e-01,2.711602934358516848e-01,1.567357000001834422e-02,-1.387447245000004159e-01
8.451461540248139670e-01,2.214072544751459759e-01,-4.672354999999583924e-02,-5.817500700000000080e-02
7.171476635071414307e-01,1.825127695804376060e-01,9.203612000001726301e-02,3.737799750000014853e-02
8.880560358041336144e-01,2.258412224265917700e-01,-1.324316500000009000e-01,1.244782486000000077e-01
8.368530401607578995e-01,2.560988219049882275e-01,7.596691000000532767e-02,-1.812738433000005145e-01
1.105209300584562016e+00,2.904646504821499775e-01,-7.954483999998274157e-02,1.451336785999997048e-01
7.722755575013273699e-01,1.837456156159049669e-01,-5.125506999999629443e-02,1.801512035999994765e-01
9.548709184513377579e-01,2.519160614095383721e-01,-3.077927999999019448e-02,1.203982508000001062e-01
1.133267355861629966e+00,2.960570494861123336e-01,7.939360000023043540e-03,2.693166079999986806e-02
9.970819365076799556e-01,3.073548263629355404e-01,3.893767000002412715e-02,4.080955899999949565e-02
1.136307502596508812e+00,2.656845400783076627e-01,-1.630161299999883795e-01,5.054187839999979559e-02
9.895670998911469951e-01,3.149746645537234713e-01,7.584460000001058688e-02,-2.937192889999984402e-02
7.778858880538948029e-01,1.380948306055387320e-01,1.758884000000193737e-01,-1.139435323000004274e-01
9.074353235473253676e-01,1.957101081299299494e-01,6.392415000001960834e-02,-1.024836409000000614e-01
8.526154294786820742e-01,2.621413604712117262e-01,-1.889797099999839247e-01,-1.427280133000001783e-01
8.195973272099941198e-01,2.306748832371283697e-01,1.246636000000194144e-01,1.031242297999996893e-01
8.606550397371925953e-01,2.657411663409163793e-01,-1.075376199999880100e-01,-7.848945719999989024e-02
7.666946687540416860e-01,1.523669296689220687e-01,1.433600600000204395e-01,2.203698729999992167e-02
7.603717220221142270e-01,2.168514574987945309e-01,-8.716837999998006126e-02,3.392614960000006619e-02
6.638217017988381485e-01,8.508291213414764798e-02,-1.201476099999752023e-01,-9.223870500000508343e-03
8.867359885092831462e-01,2.323588259564957070e-01,9.037179000000605811e-02,1.426938590999995427e-01
9.966285289802954139e-01,2.605169193414162976e-01,-8.918362999997953011e-02,-7.154050170000036957e-02
6.590549378237007261e-01,1.029206096278301175e-01,2.111919600000078390e-01,8.147555309999976458e-02
8.651432138249113279e-01,2.079104043548234415e-01,1.087198200000045745e-01,1.814636104999998167e-01
9.526915254617058793e-01,2.701074653227948374e-01,-1.370937299999752668e-01,-1.185978071000004519e-01
9.979072249710583264e-01,2.696692459938887509e-01,-2.537689999999770407e-02,1.882050462999993456e-01
1.084686344575217731e+00,3.649486366669698612e-01,-9.920008999998231047e-02,-1.781517087000006327e-01
6.402652055412616505e-01,1.061088956645477310e-01,-4.290205999998875086e-02,1.467198713000001931e-01
7.156034881898811761e-01,1.711023474653536880e-01,-5.179135999998152329e-02,-3.322620389999997315e-02
9.982715651718052641e-01,2.570650504497002942e-01,3.473857000000180051e-02,3.967701139999935123e-02
7.940797176708684901e-01,1.404181532620292217e-01,-2.524958999998716536e-02,9.345029139999994072e-02
9.023861822983434422e-01,2.951654832095620407e-01,8.019600000181981159e-04,-2.357113634000000957e-01
9.839263596599288064e-01,3.106372804934700582e-01,1.313856800000223757e-01,5.210109609999946656e-02
6.640274696116854614e-01,1.832216684365874926e-01,-7.954503999999928965e-02,1.310791013000001115e-01
7.392183716132443294e-01,2.088734813039430094e-01,-4.275549999988470518e-03,-1.075267193000000177e-01
1.150664389779034735e+00,3.523606430784589350e-01,-2.735883999997668070e-02,-4.660727780000062381e-02
9.153201697427668648e-01,2.400577845444082925e-01,8.419196000002671099e-02,-1.376434173000005146e-01
1.085649674246511154e+00,2.830798243403478409e-01,-1.984026199999959772e-01,-2.325589129999983129e-02
6.087795874032693177e-01,1.469449515501253245e-01,1.415062100000170631e-01,1.242259134000001097e-01
7.619544113381024886e-01,1.678078082089520251e-01,1.489640800000131549e-01,9.873366399999916609e-03
9.213087496521303876e-01,3.251678992789202027e-01,5.157289999999647989e-03,-4.150663950000055280e-02
1.044653817539007434e+00,3.617563149753166840e-01,1.200547000000256048e-01,-1.592446680000048076e-02
1.005203380777196287e+00,2.747809569129060492e-01,-1.455303299999854971e-01,-2.928109660000011161e-02
6.986641433114719746e-01,1.851225407781775800e-01,-1.165965900000003330e-01,2.073929695999998657e-01
8.676837586200605301e-01,2.111996945725600483e-01,1.059505000000626751e-02,-1.405778599000004903e-01
7.973702937632616283e-01,1.855682197093528885e-01,2.349403800000118281e-01,-7.198663710000019478e-02
6.957665285228067376e-01,2.252615737653869132e-01,8.790420000002541201e-02,6.898626639999960730e-02
8.369884893740398013e-01,2.645150689955677592e-01,-6.795825999998328371e-02,-2.382627520000024646e-02
9.156460164374138344e-01,2.692032014752498981e-01,-2.012886999999921045e-01,-1.353955520000038604e-02
7.507327507755441331e-01,1.597073802782027485e-01,-7.786446000000069034e-02,-2.567011630000060052e-02
1.197072187205275640e+00,3.543363902655762843e-01,-1.542146299999842540e-01,9.086494219999963207e-02
1.079834294799074002e+00,3.510805439249402582e-01,4.253443000001766450e-02,1.118903600000109577e-03
7.357538134400520846e-01,1.552397989616629559e-01,-9.071756999998115134e-02,1.712352060999995373e-01
8.636712921035361035e-01,2.400724032367484995e-01,-2.200434799999868574e-01,3.983556099999940869e-02
6.860327503426972839e-01,1.698046209761336911e-01,-7.499993999999787775e-02,-5.577698500000050075e-02
1.127080667236423750e+00,2.629060788627555212e-01,1.707000001260894351e-05,1.531255230000017065e-02
7.819077676608365834e-01,2.205410935376157511e-01,-1.285767599999871891e-01,-1.472909174000003318e-01
7.904901628056641982e-01,2.275851574751719397e-01,1.411890500000083648e-01,1.442153790999993745e-01
9.920133104201553920e-01,2.637921428669898205e-01,-6.684323999999719490e-02,1.014977239999996783e-01
7.307645197395800096e-01,1.752278056352629676e-01,4.186530000026777998e-03,2.308873249999976451e-02
5.674564190461808266e-01,1.513173476439888532e-01,1.305006700000035380e-01,1.673573653000000050e-01
6.742541063915510335e-01,1.633261958494358623e-01,-1.527091499999926327e-01,1.678179800999997084e-01
1.005895926819555086e+00,2.820337675273805189e-01,1.275518800000270403e-01,1.163413426000001749e-01
9.526514225549824744e-01,2.519997789793109177e-01,-2.195978999998260406e-02,-1.339997301000002139e-01
8.405154451246303893e-01,1.371334391070391234e-01,-7.996529999985568793e-03,2.419201920000002559e-02
7.241381536512463413e-01,1.734417003005042091e-01,-1.877777999999352687e-02,1.246590552999995438e-01
8.935853818028682838e-01,1.629462513934925028e-01,3.385660000020607185e-03,-6.003664009999987172e-02
7.800582693748552288e-01,1.533297951653871394e-01,-1.973143999998683285e-02,-4.192528869999989638e-02
7.390865990555894882e-01,2.059732970607370817e-01,1.251457100000266109e-01,1.627725863000000217e-01
7.087992209673643629e-01,2.022508119055963505e-01,-1.102781999999820073e-01,-1.157636750000001769e-01
7.898738328854655322e-01,2.579493451030181461e-01,2.759530000000154359e-02,4.282737279999970781e-02
9.359111622835669664e-01,1.801746521654266076e-01,5.491480000017645580e-03,5.183581789999980316e-02
1.052865780782958893e+00,3.174509046904958609e-01,-2.431040799999948376e-01,-3.607021050000014384e-02
1.098415589051718655e+00,2.875387287978163897e-01,9.356800000006160190e-03,1.451758709999939612e-02
9.236849420680321998e-01,2.165280948503074399e-01,6.938894000001027962e-02,-4.742644850000043988e-02
9.244809576840005150e-01,1.950077866005415217e-01,4.196753000002217959e-02,4.361484449999952773e-02
9.786627680593866785e-01,2.624065099831511816e-01,6.607633000001555956e-02,2.298748009999940223e-02
7.796018711374266275e-01,1.910162091701792519e-01,6.402997000000709704e-02,5.021687829999965658e-02
9.164724804462700547e-01,3.214440223677605957e-01,1.231948200000090310e-01,-1.129120287000002776e-01
8.428668306704274471e-01,2.909563175421752135e-01,2.034920800000179497e-01,6.779284299999943642e-02
6.854009688385609422e-01,1.252969460117761002e-01,6.871173000001817854e-02,6.315269689999958302e-02
8.464563148105170853e-01,2.697543368258514818e-01,9.479510000002733250e-02,-2.149984858999998139e-01
6.601704267999473075e-01,1.817103693127073427e-01,-1.078654299999755040e-01,-1.721835065000005827e-01
8.013110609820941477e-01,2.255839082337551815e-01,8.948216000001707471e-02,1.492688267000001900e-01
7.285099252950182347e-01,1.687446740155316149e-01,-2.316168999999490552e-02,1.526831659999938751e-02
8.574705963186346480e-01,2.574260640273564604e-01,-8.721173999998654836e-02,-9.334925090000023573e-02
6.966988103427951273e-01,1.650203865082779942e-01,5.539530000021386513e-03,6.948504439999947380e-02
1.197817371251840513e+00,3.940713515794485033e-01,4.042503000002284352e-02,-5.698963549999991329e-02
1.063106230082734527e+00,2.987306132655938029e-01,1.181495800000220697e-01,1.554658179999979239e-02
7.561469395259905468e-01,2.029463920011380651e-01,1.305015000002640591e-02,-5.069660120000030190e-02
7.864116216426069172e-01,1.869122671961349624e-01,-1.087045199999749912e-01,5.251869509999984587e-02
8.546227965891546319e-01,2.489694937400912522e-01,3.969555000000468681e-02,-2.368628329999999949e-01
7.587928638829204431e-01,2.141052318085812090e-01,-1.638120999999728156e-01,-1.713612957000005821e-01
1.031387009970298863e+00,3.020396321358340685e-01,-3.417089999999234351e-03,1.665077584999998805e-01
6.548013975218296423e-01,8.822432535262691999e-02,-1.832656199999860291e-01,1.904699999997205850e-04
8.359195243479753401e-01,2.210864551705853387e-01,1.273867000000450389e-02,2.902878499999950179e-02
1.069841610459910441e+00,2.472802551650872260e-01,1.569171200000027966e-01,1.803706636999997670e-01
7.049026041929487008e-01,1.849448908711082140e-01,8.783799000002545654e-02,1.764244419000000619e-01
1.143749998237087340e+00,3.637835004858374077e-01,5.083186000001660432e-02,9.467923829999946861e-02
6.997215039357840283e-01,2.019494596137860754e-01,-9.032499999932497303e-04,1.517608149999993827e-02
1.018084467610346877e+00,2.743386543666197497e-01,1.487966200000130357e-01,3.788832009999953954e-02
7.036644102134950174e-01,2.026168216774202335e-01,-1.833555699999749322e-01,-3.946865500000562577e-03
1.037311766826501724e+00,2.487119566282736116e-01,2.377391600000180460e-01,-2.885799120000065443e-02
6.897404835895422082e-01,1.849649850869745649e-01,3.281442000002243731e-02,-1.578240669999999568e-01
7.143559873526861281e-01,2.288957592508928940e-01,-2.258386299999983748e-01,7.172830059999935060e-02
7.497809978603200420e-01,2.074350796644779393e-01,2.842554000000063752e-02,2.407758619999977867e-02
8.050258506844123474e-01,2.615466104244816847e-01,-3.212003999999524240e-02,-7.896490000005584875e-04
1.058243390210197532e+00,2.819199748099237013e-01,-1.205443999998578875e-02,4.082436089999941231e-02
9.868632600871940497e-01,2.323114026570145541e-01,1.798111500000061369e-01,-1.648971370000005265e-01
9.534597677805187743e-01,2.161069109945614741e-01,2.230241200000193658e-01,-3.532361730000044275e-02
8.384476906531190821e-01,2.467150615715887341e-01,2.216469000001097811e-02,-1.529289550000001441e-02
1.018495862237397631e+00,2.844898365200023704e-01,-7.836767999998528467e-02,-1.344172199000004397e-01
9.741778989948244316e-01,2.778682045938190015e-01,-1.772750599999994847e-01,-1.045192823000000715e-01
8.628455074177416861e-01,2.173729211001713679e-01,7.567686000001572211e-02,-4.724197530000040501e-02
6.918133328002724625e-01,1.940548556029284555e-01,8.852891000000795430e-02,5.423399980000009890e-02
8.204298695194971458e-01,1.897855073621492750e-01,3.422558000002595691e-02,-4.584581649999996955e-02
7.584021399777043371e-01,1.970869044954035587e-01,-1.457629999976006729e-03,1.369871429999935941e-02
9.042239801627829365e-01,2.002413381645418156e-01,1.701961000000551394e-02,1.421587799999457502e-03
7.460393138322487516e-01,1.133317483194353770e-01,1.994397200000150860e-01,6.854839869999995727e-02
6.696551362025786602e-01,1.223801842353609004e-01,1.831218000000944812e-02,-2.028486910000015797e-02
8.611520853637202322e-01,1.813991362094320436e-01,-1.762939999997570339e-02,-2.080335970000035672e-02
7.252467575649426124e-01,1.151434410613205728e-01,2.396910000001639673e-02,3.438482119999974884e-02
7.775813128827664400e-01,1.749328691897105159e-01,7.940381000000229506e-02,8.140167879999982148e-02
1.246508236005393400e+00,4.320030561437953054e-01,-1.439413999997896099e-02,-3.417811600000320027e-03
1.212222617507659805e+00,2.897672123555175006e-01,-1.782438599999807138e-01,-1.016385528999999011e-01
7.458127986166154244e-01,2.445774466899166555e-01,-7.754149999982473673e-03,3.664271410000008444e-02
7.207150502553503202e-01,1.816140780090762519e-01,-7.934669999997367995e-03,-9.137492590000029224e-02
1.168876812740080595e+00,3.124221708151715404e-01,7.516009000002554785e-02,3.637059609999937493e-02
7.391460239795328846e-01,2.240258209747807427e-01,-8.702205999998113839e-02,-6.481100269999995334e-02
8.969254556181667226e-01,2.064258367334979027e-01,-1.641497399999991558e-01,-8.842792000001153951e-04
6.434163128274086318e-01,1.743869927137389197e-01,8.608264000000076521e-02,5.819109459999971534e-02
6.791691708685014817e-01,1.094099261308620896e-01,6.619741000000090025e-02,-1.404949092000000732e-01
1.108563947738378630e+00,3.786974255123531918e-01,-5.006161999997971179e-02,-1.016746320000017079e-02
8.736736703436385199e-01,2.097935744135561720e-01,-1.245192799999870203e-01,-5.422044810000059556e-02
1.068176229805914090e+00,3.000699808040216965e-01,-5.822916999997573839e-02,-1.227713965000001295e-01
9.510628162803591579e-01,2.545498141722646324e-01,1.676184500000204025e-01,-3.545213609999997573e-02
6.927081727493202834e-01,1.167457741266595406e-01,-1.865341999999259315e-02,1.235837786999995913e-01
7.757842363748252978e-01,1.852814967757012710e-01,-5.080269999979236673e-03,-2.468987620000007155e-02
8.355508148104284771e-01,2.154835346300885135e-01,-2.238422099999866077e-01,8.966406199999887860e-03
6.634783810019442285e-01,1.357397526169634716e-01,6.536464000001274144e-02,1.770417742000001127e-01
1.250974435830421783e+00,3.440838934800503068e-01,5.527812000002541026e-02,-2.842998669999996508e-02
7.411530306606302076e-01,1.682604359933570493e-01,3.431605000000104155e-02,-6.264976300000046905e-02
7.292352818598857311e-01,1.916376230045706563e-01,-2.073355999999648702e-02,-5.455060350000007219e-02
7.387777342537802383e-01,2.116254369893368903e-01,4.751777000001311535e-02,-1.425396926000006559e-01
1.147327862727600234e+00,3.230563723271231424e-01,-9.305649999987508636e-03,-1.244552564000001027e-01
9.304894259805855938e-01,2.700200045830278839e-01,4.478243000002635199e-02,-3.278685100000622299e-03
1.043971547063328842e+00,3.352545515399647513e-01,-2.535510999999246451e-02,-1.166785276000004146e-01
8.267748969015222826e-01,1.610712859599061630e-01,4.880385000001297158e-02,-7.857756300000051652e-02
1.027572370516395495e+00,2.807992430029671027e-01,-1.280470499999921685e-01,-2.065051850000001465e-01
1.219683796715745672e+00,4.660990334954000502e-01,1.768971000001329230e-02,-2.423546450000024777e-02
7.266823396884412034e-01,1.955454710096660165e-01,-5.704234999998902822e-02,-1.356031487000004532e-01
8.444984256241738763e-01,2.672529503498033421e-01,2.336208000002670815e-02,6.415084779999968845e-02
6.903664889811373939e-01,2.050817594443934411e-01,-7.150923999998326508e-02,3.191791699999946275e-03
1.091346729655558789e+00,2.782416062132213597e-01,7.057508000002599147e-02,1.750178589999951129e-02
9.344245698430206915e-01,3.067658620111046730e-01,3.313965000000962391e-02,-1.202133210000067010e-02
1.193309653879882859e+00,3.608264289362530519e-01,-6.334675999997330109e-02,-9.309191829999985401e-02
8.161579825386375830e-01,1.775599762489790123e-01,1.027865900000222155e-01,-4.063957480000013334e-02
5.975421455318290498e-01,1.774681527552282034e-01,1.349121100000161277e-01,2.014286219999998906e-01
8.376287418907608640e-01,2.072742067282327127e-01,9.422742000000994267e-02,-2.349307400000277823e-03
7.984169610911422410e-01,2.075852599752039396e-01,-4.173624999998537533e-02,-5.309834730000062564e-02
6.384413773995021302e-01,1.815671714926345715e-01,6.824282000002312998e-02,1.680109828999993837e-01
6.936414472811094356e-01,1.516089494660768366e-01,1.098701000000801287e-02,2.593389050000016738e-02
1.066086447115520031e+00,3.503488661091900269e-01,-1.683511799999735103e-01,2.210990000000023770e-03
1.085748720597717210e+00,3.387668857995720373e-01,6.471852000001376837e-02,6.975185199999955898e-03
1.057519777312943887e+00,2.996157114544466538e-01,-1.022256999999626714e-02,-3.885860679999986189e-02
7.801053629023257940e-01,1.764877956717505469e-01,2.951660000007905182e-03,-9.770239840000005671e-02
7.850269081734850829e-01,2.279171850941246191e-01,-9.975723999997399005e-02,1.763852416999993622e-01
1.131297181286697651e+00,3.558043487708815178e-01,-6.737542999999845961e-02,-4.570027210000038309e-02
9.394982064117236575e-01,2.515259291610227876e-01,-2.065427499999827887e-01,2.995161159999959466e-02
5.642388072872144278e-01,1.422175007557591186e-01,1.548138400000027559e-01,1.753488865000001340e-01
7.047158725486610820e-01,1.643408575429248231e-01,1.386514800000213654e-01,-4.591152460000014202e-02
9.717649941095309885e-01,2.933577216249503294e-01,-1.472503299999914361e-01,-8.018609350000005520e-02
9.909209251931159201e-01,2.777425365225170140e-01,-5.372586999999384716e-02,5.697848799999949421e-02
9.415181652665509660e-01,1.998241360480044193e-01,-1.086369099999728860e-01,-5.898889719999989012e-02
6.480805276875862830e-01,1.466101264926642500e-01,1.367180600000210688e-01,-1.611103868999999023e-01
8.615277744018818851e-01,1.996549138935712620e-01,9.383942000002321038e-02,9.075377100000014963e-02
7.370526970291102486e-01,1.641434325967736640e-01,3.790708000002496192e-02,-9.630044649999991435e-02
8.433959953207939009e-01,2.339993841992971113e-01,2.339333000000465290e-02,-2.066805450000064326e-02
9.399201132831613847e-01,2.638633406151669192e-01,1.437189000000671513e-02,1.056623601000001855e-01
8.619145180991374389e-01,1.979604323217643014e-01,1.330085600000074919e-01,-1.258720862000002327e-01
9.072845304608492256e-01,2.197606612620681688e-01,3.347562000001857996e-02,4.357870599999813521e-03
1.006677067959625305e+00,2.394659774880985026e-01,1.541580700000224624e-01,1.866607625999998632e-01
8.430879306388661121e-01,1.694989146279368697e-01,1.747966800000142484e-01,-1.018931848000006468e-01
6.941627114391160092e-01,1.098394109158356002e-01,6.543440000001510271e-03,-2.123250869999981916e-02
8.872918991873035566e-01,2.722018862852166876e-01,-2.462049999999749161e-02,-1.674625215000000722e-01
8.604571725620822065e-01,1.919380173533724587e-01,-3.868841999999972359e-02,-2.173335183000002502e-01
7.330957464725535999e-01,1.862522052588708732e-01,3.923640000002137640e-02,1.002083499999972815e-02
9.295721154734728486e-01,2.063873924820605055e-01,-2.598672999999962485e-02,-2.155253555000005150e-01
7.358194045050332477e-01,1.797863726081985192e-01,-1.201483599999733087e-01,1.057960388999994450e-01
8.870412632203326098e-01,2.002747425945905491e-01,5.723807000001102097e-02,3.242145239999949524e-02
7.000497326654731012e-01,2.075250314666590157e-01,1.331434800000010910e-01,-1.519924241000003562e-01
7.711661153032238758e-01,1.815904189410346703e-01,1.436826700000040091e-01,1.491223202000000470e-01
6.542447423889790059e-01,1.295589787497846146e-01,8.143325000000345426e-02,-1.258214552000005426e-01
9.830126811976889201e-01,2.543535435276034207e-01,-1.740432999997665320e-02,7.621995670000014655e-02
7.816807069360436344e-01,1.882093478584856427e-01,-1.612844499999823711e-01,-3.347953070000020404e-02
7.034085055286283250e-01,1.697580527716873178e-01,-2.047848999998791442e-02,1.998498085999997897e-01
5.755953422950668141e-01,1.400177317356785522e-01,-1.529814299999827654e-01,1.916668429000001339e-01
8.205462114673842677e-01,1.731193430801454269e-01,2.402532500000233995e-01,-3.783374310000020557e-02
9.308195334429605339e-01,2.737262017403914172e-01,-9.185948999999027365e-02,6.341856179999982857e-02
1.013153624072689496e+00,2.746493736353663451e-01,1.591884000001186905e-02,-8.724974500000026723e-02
1.041130952605396232e+00,3.283350514596143910e-01,3.376344000000131018e-02,7.685813049999978830e-02
1.145502047363326170e+00,3.332720393404891013e-01,-2.426123999998708314e-02,-3.021055130000060984e-02
7.328569787103660360e-01,1.967621731728819157e-01,-1.112407899999823258e-01,-8.967799560000067061e-02
7.196961173894820263e-01,1.633549003993017834e-01,-6.521900999999274973e-02,4.055454769999933262e-02
1.035029295211607803e+00,3.064118112053968446e-01,6.292322000001604465e-02,3.997289169999973524e-02
1.065922744809608247e+00,2.851696446054710066e-01,8.419138000002135414e-02,1.743825573999995271e-01
9.389556774550236184e-01,2.730228224840871576e-01,-9.730049999973289232e-03,2.018623413000000255e-01
5.884191489673611386e-01,1.049407089703784379e-01,1.825232300000152463e-01,3.819171809999932776e-02
7.771631696163936454e-01,1.681247559075451647e-01,1.399247900000091249e-01,7.766192599999932611e-02
6.129903822592268625e-01,1.471726569336162527e-01,-1.516018799999869771e-01,3.887846940000017071e-02
8.327225596032050703e-01,2.226509280843274041e-01,1.515800000021272353e-03,-4.143350290000036296e-02
9.748701930468861576e-01,2.711226845869170177e-01,-2.276764999999159045e-02,2.068494662999995626e-01
1.144475666065009278e+00,3.450712444207510998e-01,-1.901140999999029191e-02,-2.647439249999994360e-02
6.507615940662390130e-01,1.641871377025552192e-01,-2.386574499999767340e-01,3.851738529999959582e-02
9.932232329360246581e-01,2.794086528050208074e-01,-1.847281699999996363e-01,-2.440959100000039683e-02
8.630839246613639659e-01,2.404767487255732306e-01,5.252461000000607783e-02,-4.147660210000037040e-02
8.249382201763353351e-01,2.257564571261667652e-01,-1.026744199999995999e-01,3.724003259999975057e-02
8.424812762059907811e-01,2.526547371678447007e-01,-1.830801999999778218e-01,-1.256797416999999584e-01
6.444881396977244492e-01,1.352228224869271855e-01,8.035579000002712746e-02,1.881837107999997372e-01
1.125032097367764550e+00,3.527254879965013856e-01,7.041662000000314947e-02,-2.350488870000067010e-02
5.851939710066851319e-01,1.383566507001923185e-01,6.427969000000643973e-02,2.031440053999995499e-01
8.322463812110143522e-01,2.332646153914055276e-01,3.506437000001483284e-02,2.039794335999998154e-01
7.556395766739143482e-01,2.197574578566090509e-01,4.608917000001611086e-02,8.081076249999963323e-02
7.397199358317365636e-01,1.814710566639341494e-01,8.158400000013443787e-04,-4.375804010000017286e-02
8.277879828862353406e-01,2.159017723747531647e-01,-4.704545999999254491e-02,-2.085766580000036896e-02
1.084781274722367073e+00,3.331078508958711382e-01,4.911560000010695148e-03,-4.381943290000034352e-02
1.020625894741552742e+00,2.740593866028824266e-01,-1.601264099999752943e-01,3.557224409999992787e-02
1.029073503144207535e+00,3.143138600819028738e-01,9.477969000002417488e-02,-1.654991844000006651e-01
1.039859920641085012e+00,2.886574788063924757e-01,9.201880000000528526e-02,4.462749679999955532e-02
6.453951476885428917e-01,1.523386955839569623e-01,-6.675223999999957414e-02,-1.497859389000000263e-01
7.267833953349835951e-01,1.575604060722355371e-01,-3.899999999998726707e-02,-2.270584352000000194e-01
9.325147708175336447e-01,2.277824487946169540e-01,-8.557471999998256251e-02,1.720288970999996891e-01
1.070194577008241055e+00,3.047101276151238380e-01,-4.326704999999719803e-02,1.721687678999996862e-01
8.099383788078391433e-01,2.205215592561060589e-01,-6.856119999980592183e-03,-1.845216320000009347e-02
1.246789201917660961e+00,4.287173183031818269e-01,-1.219347999997921761e-02,-4.615991200000024719e-02
1.022128547257835862e+00,2.700573414359048741e-01,-6.046504999997637242e-02,-1.490617046000002333e-01
7.519499913777636380e-01,1.735593166404960641e-01,-1.343291999999962627e-01,-4.726861179999986007e-02
9.256599022370934904e-01,2.435517657448151851e-01,1.886953000001767577e-02,3.255114260000002702e-02
6.571056626596707417e-01,1.487821766761925346e-01,1.285451000000250588e-01,-4.800042030000017945e-02
5.771697952535248533e-01,1.196191295422721623e-01,1.420389499999998861e-01,-1.829274920000045768e-02
1.066209893439307166e+00,3.156829266183294180e-01,8.670874000000594606e-02,1.674902101999995452e-01
6.112674316341362157e-01,1.422621117155742354e-01,5.613020000001256449e-02,1.665730411999994942e-01
7.841689328613092869e-01,2.437641490728275073e-01,-7.086859999998296189e-02,-1.623017320000030850e-02
8.691219347979561860e-01,2.308630244567559942e-01,3.670931999999993423e-02,-1.593370149999984164e-02
6.479995657743664594e-01,1.326411292548712595e-01,1.458871500000213928e-01,-1.687860236000000569e-01
1.017911685886144113e+00,3.028711915059716375e-01,-1.570685499999910917e-01,-1.668981806000005008e-01
1.043171507760167316e+00,2.633558704133918127e-01,-9.821028999999725784e-02,3.168213369999950402e-02
7.080976804171470462e-01,1.212032198347223755e-01,3.509716000002072178e-02,-1.458387829999985286e-02
9.175374993335161378e-01,2.556909748988154263e-01,-2.397868999997854189e-02,3.118707409999998958e-02
9.810286812147275270e-01,3.057462359395124452e-01,1.608723800000007031e-01,-5.186400270000035562e-02
8.844798135860116872e-01,2.480122677008012033e-01,-1.557377999998266205e-02,-1.409491870000056934e-02
8.269502590213591020e-01,2.260764147146012704e-01,-1.911688799999922139e-01,-1.116628760000004661e-02
6.331578816880636396e-01,1.678568523438528359e-01,1.645951500000251144e-01,1.755821427999997297e-01
1.238526486233464396e+00,3.725920397463973188e-01,-2.915127999997935149e-02,-1.116012950000033754e-02
8.380327128877773646e-01,2.181753486304636169e-01,1.187558400000057190e-01,1.956943170000000620e-01
6.671990102896110386e-01,1.253572733628693925e-01,2.276595600000064223e-01,-1.241975980000020741e-02
7.796077273020607379e-01,1.920494966169741247e-01,7.089765000000625150e-02,1.530520498999994317e-01
6.798364831591925395e-01,1.703060434745822249e-01,9.150250000001847184e-02,-1.277322872000006271e-01
8.045098046658836211e-01,2.129498521962425173e-01,-2.421696699999813518e-01,-5.540354330000063499e-02
1.132620171749440630e+00,2.989579304796059489e-01,1.567955000001575172e-02,2.732636489999951124e-02
8.947451500720084994e-01,2.465933739616978926e-01,1.529068000002098415e-02,1.488218252999997659e-01
7.676939702754808081e-01,2.007746118312496719e-01,-1.005272599999784688e-01,-1.447866617000004297e-01
7.292363451232439786e-01,2.124988046754978654e-01,-1.328112999999575550e-02,2.651248499999958597e-02
6.170222634481490331e-01,1.308340636625615616e-01,3.799416000001087923e-02,-6.803925299999846743e-03
6.000328213758585605e-01,1.439158059715133220e-01,-3.658454999998639323e-02,-5.857287109999997909e-02
7.306299314228681396e-01,1.791229540347494265e-01,-8.169197999998800697e-02,6.895973369999985891e-02
6.955458877648545979e-01,1.805188724636472841e-01,1.430921500000010838e-01,1.440488721999999555e-01
1.011160480963791741e+00,2.744657412686386522e-01,-4.387663999997926112e-02,-8.625460819999997142e-02
7.015519327049162257e-01,1.470101899322635575e-01,1.614169100000140133e-01,-6.565348000000525985e-03
9.047556839758321701e-01,2.443748118543496162e-01,-1.717106999998918582e-02,1.437614348000000319e-01
8.410659490146379369e-01,2.521033718519305467e-01,-8.640449999998622843e-02,-1.772009506000005175e-01
7.100557598018539807e-01,1.977646592264754588e-01,1.230437000000961234e-02,5.225334869999986864e-02
1.008743401867157274e+00,3.007511203928281418e-01,3.858023000000798675e-02,6.789759209999957079e-02
6.974771504699219804e-01,1.729030914157831944e-01,-9.015117999999233689e-02,5.111234249999974111e-02
8.027953987880565023e-01,2.056895416987032377e-01,-4.308899999898585520e-04,-1.779231778000003317e-01
6.787901808133014470e-01,1.507429227811272199e-01,-1.391851499999745556e-01,6.885792299999948796e-02
6.832884075998038043e-01,1.246414013056664771e-01,1.413184499999999844e-01,-6.111022399999832544e-03
1.120025837640422850e+00,3.591304830772976686e-01,3.630711000002406763e-02,-5.122376900000169542e-03
1.166903631565556765e+00,3.316573867664232012e-01,2.401331000001505345e-02,2.459914469999979758e-02
9.638297148605161624e-01,2.639617292757954203e-01,1.167303000002561930e-02,-6.105416750000003390e-02
9.706781362992593643e-01,2.391470193283247170e-01,-1.476351700000009259e-01,-1.422540728000001309e-01
6.643085798155219379e-01,1.412560672681593132e-01,-2.982389999999668362e-02,1.399774081000000336e-01
8.334225242719064397e-01,2.065565754487259653e-01,-3.381155999997531580e-02,-6.168138700000014296e-02
1.033936177104951781e+00,3.026236086430245109e-01,1.250798200000247107e-01,9.200987189999931815e-02
8.540756427706348575e-01,1.875589013507585889e-01,3.446586000001161665e-02,1.381342617999994360e-01
9.127190061830745549e-01,2.521414414725953179e-01,2.158209000000965716e-02,9.314659039999995116e-02
7.266014692331879132e-01,1.735383204668963231e-01,5.591236000000776585e-02,-2.560436700000501276e-03
9.902579482365965191e-01,2.755797960163768323e-01,1.675679500000057942e-01,5.115939429999993848e-02
1.032001373626858509e+00,3.045507189372855805e-01,4.555511000000933564e-02,-2.437298100000262480e-03
1.192109214196229061e+00,4.131017853383838201e-01,-2.999417999998854611e-02,-1.173814900000458294e-03
7.008068479514584226e-01,1.562884794462355842e-01,-3.592402999998967061e-02,-1.159926653000002972e-01
5.636203932328065491e-01,1.392512756085118042e-01,-2.069392699999923479e-01,1.355191641999997643e-01
6.064616860499683071e-01,1.105467988400299362e-01,-4.054366999997682797e-02,-1.095440059000001298e-01
1.112107297813412998e+00,3.181837844434873830e-01,-2.498802999997451479e-02,5.331763149999968476e-02
8.993601630077137088e-01,2.461416057268479562e-01,1.111360800000227300e-01,9.410724029999961715e-02
8.371724153170276850e-01,2.494857340529073042e-01,-1.249967599999877166e-01,-1.833705692000000553e-01
8.135224459944900843e-01,2.096518005409500063e-01,-7.135546999998609863e-02,1.311217897999998883e-01
6.641609051284298459e-01,1.335606878027810751e-01,9.617743000001155451e-02,-7.004210440000058213e-02
6.184427906327556457e-01,1.060766641947665789e-01,1.683129200000053061e-01,1.611958399999835478e-03
9.200831032782943453e-01,2.315251136925233766e-01,-1.528715599999941332e-01,6.661729739999966426e-02
6.731140091441289997e-01,1.642265661750741401e-01,-3.014632000000005974e-02,2.937705999999984385e-03
1.140741830624975250e+00,3.414792118852858493e-01,-2.161128999998140898e-02,-7.117618250000035118e-02
8.788060061106293119e-01,2.309509525883086667e-01,-1.247471499999903699e-01,-1.046095214000004603e-01
7.488242933925342015e-01,1.860825650290216515e-01,1.452889500000082990e-01,-1.194158835000003194e-01
1.080474621180684380e+00,3.184068021874608689e-01,2.042945000002305278e-02,3.189035100000126022e-03
5.799540667333573651e-01,1.099602915480133447e-01,-8.457814999999868633e-02,1.280758059000000060e-01
7.025221813539985760e-01,1.779467109975527706e-01,-2.069611199999883411e-01,-1.028827482999998821e-01
7.396656549265863134e-01,1.859606842523362502e-01,-1.689628599999934977e-01,-1.359036208000006241e-01
6.911025479365555668e-01,1.547240744866655859e-01,9.695340000001806402e-02,1.262317195999997921e-01
6.326653239804116424e-01,1.362115340662981566e-01,1.047172900000248319e-01,9.551895169999990998e-02
7.346061318258207962e-01,2.100002939977905214e-01,3.413343000002555527e-02,1.256279107999995759e-01
6.925394545218175324e-01,1.540249790984908884e-01,-3.091603999999392727e-02,-1.863538253000003309e-01
9.462387832085674688e-01,2.382363045061843820e-01,1.093194900000185044e-01,9.555333209999972155e-02
7.843848589549189398e-01,1.679565558751399124e-01,1.416748900000186495e-01,-7.443224060000019904e-02
7.723908832250927503e-01,1.547590921953592158e-01,-1.012334699999826171e-01,-7.418004150000001573e-02
7.248874072661983803e-01,2.033000111595022474e-01,-2.121649999997998748e-02,5.491636399999499929e-03
1.171351455300623456e+00,3.252148928848761500e-01,-1.330229999979337663e-03,9.653531279999949533e-02
6.867958116749832698e-01,1.744371990381843318e-01,-1.572732299999870520e-01,-1.336913112000006620e-01
7.221481985594913056e-01,1.622550088774517008e-01,2.331217000002538953e-02,-1.215674800000003941e-01
1.140484669567825904e+00,3.924798185121289862e-01,-7.048815999999646920e-02,-1.211260075000000214e-01
7.682014029750092732e-01,1.927989728709604833e-01,3.787538000000267857e-02,2.075041979999969755e-02
1.266418866611044081e+00,3.681352721419521856e-01,-1.478446599999756472e-01,-1.891976846999998685e-01
7.916914195948194788e-01,1.969882014364543465e-01,-1.438047199999914483e-01,-7.732390600000016434e-02
9.304103272396027080e-01,2.425118033320359245e-01,-1.492924999999445390e-02,7.634775499999690851e-03
9.619167436470696941e-01,2.957664470405099166e-01,7.582227000000330008e-02,-9.810251170000050536e-02
7.602778633129929631e-01,1.466662633221815781e-01,-4.761877999999342137e-02,8.838973799999649827e-03
1.008486083332531535e+00,2.968838294187143845e-01,7.970778000000677821e-02,1.172299827999996324e-01
7.290031427747791781e-01,1.637316468965366312e-01,-1.536379099999862774e-01,-1.318897228000004418e-01
5.936617674018513924e-01,1.428449557345174981e-01,-2.431235999998193620e-02,-2.022847919000003714e-01
1.088294622688653845e+00,2.828710218191190506e-01,-1.867811599999811278e-01,1.100981849999982387e-02
7.671230537914546233e-01,1.970642958569044367e-01,-2.041919399999869711e-01,-1.307792014000002112e-01
7.049675594859259320e-01,1.806298041581584357e-01,-2.262771999997426065e-02,1.022690869999998142e-02
1.023900213588749608e+00,3.084322995265438294e-01,-2.716149999997696796e-03,1.122749839999936938e-02
8.001918612266152309e-01,2.215861432594792291e-01,-1.450213599999869984e-01,6.454126289999972954e-02
1.015525288087079758e+00,2.873261711839667498e-01,1.479624000000114847e-01,9.921971589999944996e-02
7.859262691984376659e-01,1.853507615522147489e-01,9.630660999999918204e-02,-2.017061686000003462e-01
7.661846248857173691e-01,1.777581616928571862e-01,1.333400000021356391e-03,-1.952738254000001561e-01
1.027424114949550216e+00,2.589867190984200818e-01,1.463543100000208597e-01,1.870254139999998344e-01
8.822003340660415915e-01,2.667069941554061074e-01,-5.891208999997843421e-02,1.112639099999999104e-01
1.037406088162470041e+00,3.311412993921756254e-01,-6.370325999998271982e-02,-8.501494590000024942e-02
9.140706610162148138e-01,2.490947689541478383e-01,2.246561000001179309e-02,1.288572519999942045e-02
6.949431244351416126e-01,1.235466822671149600e-01,-3.425749999999538886e-02,-2.003516765000004085e-01
7.484944572527076900e-01,1.776542856981748741e-01,1.234637800000086827e-01,1.015710509999996347e-01
5.629741448906671053e-01,1.221428236387041011e-01,1.771049800000241703e-01,1.018080318000000872e-01
7.199241829628739708e-01,1.786916452363591645e-01,1.263002800000094794e-01,1.004510889999998824e-01
8.474075766259154818e-01,2.215423412961499139e-01,-1.200108999998406034e-02,1.892184090000004204e-02
1.079052449612312614e+00,3.268697115389365138e-01,3.475341000000753411e-02,1.842256139999953746e-02
9.288414257474677527e-01,2.644116362918751406e-01,-8.317884999999591855e-02,7.617975089999973193e-02
7.716316421412692250e-01,2.036391019836294447e-01,-7.188099999999053580e-02,-1.888907534999999527e-01
7.357798860323718770e-01,1.558181102909372839e-01,4.591196000001218636e-02,2.027702994000000203e-01
6.269693318227922418e-01,1.174854472953938966e-01,1.005814100000179678e-01,1.667648029999995174e-01
6.214621345004793795e-01,1.465510773461531357e-01,1.380089000002726607e-02,-5.264301600000464987e-03
1.002045652893620797e+00,3.149089361998456127e-01,-1.017519299999776194e-01,3.255864399999808256e-03
7.420288878020855350e-01,1.784225996940627113e-01,-1.717201799999941159e-01,-4.751889590000057950e-02
6.967670913559871337e-01,1.449146087328188059e-01,-5.187804999999912070e-02,1.240292615999996073e-01
8.991300785121474348e-01,2.627645530158133624e-01,-1.373113099999727638e-01,-8.604678390000053412e-02
7.378181304155297937e-01,1.597600582806535385e-01,1.017961500000126307e-01,-7.841619489999995807e-02
1.061582116106297491e+00,2.900993368867865740e-01,-1.479577799999844956e-01,-4.851989900000575062e-03
1.074053843835454103e+00,2.881484532285867317e-01,-2.551885999997693943e-02,-6.364660090000029413e-02
9.917885394156513712e-01,2.688767596874228616e-01,-3.301189999973530576e-03,1.382644539999944300e-02
8.849340772679106237e-01,2.303911502268363165e-01,-1.659806599999740229e-01,1.048245622000001376e-01
9.108616574483754391e-01,2.383970320175734514e-01,-2.143150299999945219e-01,-3.601193350000020388e-02
7.412757349223504377e-01,1.759066723366800034e-01,-6.870316999999204199e-02,-1.164356750000017371e-02
8.587942771375978168e-01,2.497286792524953114e-01,1.362756000000331369e-02,-1.481603449999990829e-02
1.077942101656457652e+00,3.398245031658859716e-01,-9.931899999742199725e-04,-1.851074999999990922e-02
7.849964991040039308e-01,2.050893515860217065e-01,-1.313298599999939142e-01,-2.011187527000002362e-01
6.235809577915780721e-01,1.113773620168494460e-01,2.392019199999992907e-01,4.727437559999980721e-02
1.143315203576900529e+00,3.277695923778765064e-01,-1.107727199999999357e-01,-1.557674361000005447e-01
1.189170961079891953e+00,3.684712262716445252e-01,-3.843239999997649647e-02,-5.952667340000061813e-02
7.197004006347071936e-01,1.673988961948680299e-01,-1.451067099999931997e-01,-1.548875737999999558e-01
1.000797480953639962e+00,2.850383871723352058e-01,-8.237298999998188265e-02,1.826172502999998670e-01
6.223615139959726150e-01,1.417934509610851990e-01,1.387600400000223999e-01,1.711560717999995873e-01
1.079106530671246844e+00,3.610378181342994708e-01,-1.162174999999763259e-01,-1.888638596000005165e-01
6.329271929307296318e-01,1.252246849088614056e-01,6.551092000000835469e-02,-1.079176959000003322e-01
9.972006237279948948e-01,2.921635590802367233e-01,1.516783700000132740e-01,-3.416771629999981741e-02
6.425309204078573089e-01,1.335979206317965406e-01,1.559470600000167906e-01,1.249091866000000550e-01
6.783626044634978314e-01,1.503429988054421074e-01,4.697398000001840046e-02,-3.141952670000058845e-02
6.439123098633814379e-01,1.210670492074754634e-01,1.354643100000032518e-01,6.271741499999983205e-02
6.364605272970997873e-01,1.475995933982581221e-01,-3.260904999999070242e-02,1.755294340999995484e-01
7.160586623161684372e-01,1.844666247373361045e-01,-1.890028400000005604e-01,-1.527181779000006401e-01
9.914137478981714935e-01,2.477929459121952505e-01,-1.265354199999819684e-01,-1.440866170000010271e-02
9.160487681830353779e-01,2.222285985771392802e-01,7.999368000000117718e-02,-1.607686160000021403e-02
1.010986879109132985e+00,2.729452530631135687e-01,-2.286496899999974630e-01,-9.348566099999988666e-02
8.253845427493260445e-01,1.520322169497880793e-01,4.419960000006994960e-03,1.294742560000017306e-02
7.287683932476625159e-01,1.544519858348998298e-01,-1.925216999998724532e-02,3.499639869999970898e-02
6.893511245822168121e-01,1.577493376557193017e-01,-5.508773999997629289e-02,1.079381245999995187e-01
7.213101883236703316e-01,1.650777485282937107e-01,-9.093560999997407635e-02,1.753633610999996151e-01
8.548286753325768927e-01,2.050521296274787630e-01,2.825044000002208122e-02,1.761645417999995189e-01
1.164865480258111319e+00,3.272346049902594700e-01,-2.115833699999996043e-01,-4.526974829999996786e-02
7.646735395478359010e-01,1.908949956705789930e-01,-1.170322499999940646e-01,-1.563152054000003233e-01
8.937100146022345371e-01,2.228571370068799240e-01,4.121277000001555280e-02,-6.192472000000392995e-03
5.941554028709177260e-01,8.542411112363623715e-02,6.735380000000645850e-02,-1.612057430000000124e-01
9.050820501473424429e-01,2.163273575861772713e-01,-1.102760699999976168e-01,-9.303478390000030629e-02
8.903022728214793347e-01,2.305842275607439262e-01,-2.035179999999741085e-01,-6.540951980000020427e-02
5.834731429007149472e-01,1.220747440494704961e-01,-5.206760999999460182e-02,-2.497271779999987729e-02
7.650460825087357364e-01,1.879121240911452162e-01,9.776469999999903848e-02,-2.278683092000006738e-01
8.190059555294837423e-01,1.865333454671080915e-01,1.035011000001873072e-02,2.192393599999675757e-03
9.494631606205103935e-01,2.468217864110577864e-01,-1.683511499999781336e-01,1.143320424000000557e-01
7.797386637963974465e-01,1.642564710290947971e-01,1.513409400000114147e-01,-1.460434359000002402e-01
7.955765293769374580e-01,1.876775759338897842e-01,2.880782000002568566e-02,-1.142224290000015685e-02
1.018406453979903148e+00,2.562598192768099636e-01,7.449710000003051391e-03,4.260007400000098698e-03
5.728282960374890820e-01,1.180826615643901789e-01,-1.064794199999994362e-01,1.606831037999993939e-01
6.368988564587496626e-01,1.320323204026117025e-01,5.106392000001847009e-02,-2.317937144000001837e-01
8.902272220900435684e-01,2.296225632336188482e-01,-7.944200999997974577e-02,8.777921799999965913e-02
5.768410850419591895e-01,1.032588585363463096e-01,2.138558299999999690e-01,1.039545900999998551e-01
8.030741286896869724e-01,1.928385185181582528e-01,1.660268500000086078e-01,-1.252220949999998112e-01
9.138112780402494195e-01,2.327342162635375189e-01,-1.728763299999798164e-01,-1.653812781999999260e-01
